<?xml version="1.0" encoding="UTF-8"?>
<beans xmlns="http://www.springframework.org/schema/beans"
       xmlns:xsi="http://www.w3.org/2001/XMLSchema-instance"
       xmlns:context="http://www.springframework.org/schema/context"
       xmlns:mvc="http://www.springframework.org/schema/mvc"
       xmlns:p="http://www.springframework.org/schema/p"

       xsi:schemaLocation="
          http://www.springframework.org/schema/beans http://www.springframework.org/schema/beans/spring-beans.xsd
          http://www.springframework.org/schema/context http://www.springframework.org/schema/context/spring-context.xsd
          http://www.springframework.org/schema/mvc http://www.springframework.org/schema/mvc/spring-mvc.xsd          
">
    
    
    <!--Používá se výchozí handler pro mapování (DefaultAnnotationHandlerMapping), případně nadefinovat vlastní-->
    
    <context:annotation-config />
    <!--Další funkce anotaci - validace, konverze zprav..--> 
    <mvc:annotation-driven/>
    
    <!--Mapování statického obsahu-->
    <mvc:resources mapping="/resources/**" location="WEB-INF/static-content/"/>
    
    
    
    
    <!--Registrace balíčků komponent - kontrolerů (@Controller)-->
    <context:component-scan base-package="cz.vsmie.krist.pms.controllers"/>
    
    
    
    <!--Definice view resolveru (default je internalResourceViewResolver)-->
    <bean id="viewResolver" class="org.springframework.web.servlet.view.tiles2.TilesViewResolver"/>
    <bean id="tilesConfigurer" class="org.springframework.web.servlet.view.tiles2.TilesConfigurer">
        <property name="definitions">
            <list>
                <value>/WEB-INF/pages/**/tiles-defs.xml</value>
            </list>
        </property>
    </bean>
</beans>
